{
    "n_hidden": 2,
    "n_units_layer0": 217,
    "n_units_layer1": 83,
    "lr": 0.0008837969657342012,
    "weight_decay": 0.0072461493241803955,
    "dropout_p": 0.07867974782432668,
    "value": 0.1682180229022547
}