{
    "n_hidden": 3,
    "n_units_layer0": 102,
    "n_units_layer1": 375,
    "n_units_layer2": 34,
    "lr": 0.016220920175047098,
    "weight_decay": 1.96945569302135e-06,
    "dropout_p": 0.00037531063132231583,
    "value": 0.009084075222603287
}