{
    "n_hidden": 3,
    "n_units_layer0": 74,
    "n_units_layer1": 65,
    "n_units_layer2": 43,
    "lr": 0.022410087056954762,
    "weight_decay": 0.008381886352148215,
    "dropout_p": 0.01319554139074208,
    "value": 0.012334374869862231
}