{
    "n_hidden": 2,
    "n_units_layer0": 87,
    "n_units_layer1": 28,
    "lr": 0.015685724477225094,
    "weight_decay": 3.2753267038334357e-06,
    "dropout_p": 0.006215147864008317,
    "value": 0.02448812583054874
}