{
    "n_hidden": 3,
    "n_units_layer0": 192,
    "n_units_layer1": 163,
    "n_units_layer2": 30,
    "lr": 0.007035997025224762,
    "weight_decay": 0.004906852072097934,
    "dropout_p": 0.014956944626717464,
    "value": 0.0037582886157830424
}