{
    "n_hidden": 2,
    "n_units_layer0": 35,
    "n_units_layer1": 125,
    "lr": 0.02113248911007365,
    "weight_decay": 0.006991782680444427,
    "dropout_p": 0.00010440696066097659,
    "value": 0.0004228328107775928
}