{
    "n_hidden": 3,
    "n_units_layer0": 12,
    "n_units_layer1": 163,
    "n_units_layer2": 17,
    "lr": 0.010157026203101029,
    "weight_decay": 0.009067065339726005,
    "dropout_p": 0.05859766308557911
}