{
    "n_hidden": 2,
    "n_units_layer0": 84,
    "n_units_layer1": 56,
    "lr": 0.007002964141220713,
    "weight_decay": 0.00035675140056193484,
    "dropout_p": 0.005988482463751495,
    "value": 0.0028124908378186287
}