{
    "n_hidden": 2,
    "n_units_layer0": 221,
    "n_units_layer1": 81,
    "lr": 0.015230951182983236,
    "weight_decay": 0.006891121559147049,
    "dropout_p": 0.06055082956475067,
    "value": 0.16435077760973546
}