{
    "n_hidden": 3,
    "n_units_layer0": 261,
    "n_units_layer1": 32,
    "n_units_layer2": 35,
    "lr": 0.00579453228985926,
    "weight_decay": 6.195240281615571e-05,
    "dropout_p": 6.700537683828722e-05,
    "value": 0.004099093353035863
}
