{
    "n_hidden": 2,
    "n_units_layer0": 133,
    "n_units_layer1": 68,
    "lr": 0.02881816515261375,
    "weight_decay": 0.009917168887437156,
    "dropout_p": 0.004726009323746307,
    "value": 0.009245199970689566
}