{
    "n_hidden": 2,
    "n_units_layer0": 138,
    "n_units_layer1": 35,
    "lr": 0.003061157073794725,
    "weight_decay": 0.00011308161976317136,
    "dropout_p": 0.020867519656203627,
    "value": 0.13954403660023992
}